<application>
  <component name="ProjectJdkTable">
    <jdk version="2">
      <name value="11" />
      <type value="JavaSDK" />
      <homePath value="$APPLICATION_HOME_DIR$/jre64" />
      <roots>
        <classPath>
          <root type="composite">
            <root url="jrt://D:/JetBrains/apps/IDEA-JDK11/ch-0/191.6707.61/jre64!/java.base" type="simple" />
            <root url="jrt://D:/JetBrains/apps/IDEA-JDK11/ch-0/191.6707.61/jre64!/java.compiler" type="simple" />
            <root url="jrt://D:/JetBrains/apps/IDEA-JDK11/ch-0/191.6707.61/jre64!/java.datatransfer" type="simple" />
            <root url="jrt://D:/JetBrains/apps/IDEA-JDK11/ch-0/191.6707.61/jre64!/java.desktop" type="simple" />
            <root url="jrt://D:/JetBrains/apps/IDEA-JDK11/ch-0/191.6707.61/jre64!/java.instrument" type="simple" />
            <root url="jrt://D:/JetBrains/apps/IDEA-JDK11/ch-0/191.6707.61/jre64!/java.logging" type="simple" />
            <root url="jrt://D:/JetBrains/apps/IDEA-JDK11/ch-0/191.6707.61/jre64!/java.management" type="simple" />
            <root url="jrt://D:/JetBrains/apps/IDEA-JDK11/ch-0/191.6707.61/jre64!/java.management.rmi" type="simple" />
            <root url="jrt://D:/JetBrains/apps/IDEA-JDK11/ch-0/191.6707.61/jre64!/java.naming" type="simple" />
            <root url="jrt://D:/JetBrains/apps/IDEA-JDK11/ch-0/191.6707.61/jre64!/java.net.http" type="simple" />
            <root url="jrt://D:/JetBrains/apps/IDEA-JDK11/ch-0/191.6707.61/jre64!/java.prefs" type="simple" />
            <root url="jrt://D:/JetBrains/apps/IDEA-JDK11/ch-0/191.6707.61/jre64!/java.rmi" type="simple" />
            <root url="jrt://D:/JetBrains/apps/IDEA-JDK11/ch-0/191.6707.61/jre64!/java.scripting" type="simple" />
            <root url="jrt://D:/JetBrains/apps/IDEA-JDK11/ch-0/191.6707.61/jre64!/java.se" type="simple" />
            <root url="jrt://D:/JetBrains/apps/IDEA-JDK11/ch-0/191.6707.61/jre64!/java.security.jgss" type="simple" />
            <root url="jrt://D:/JetBrains/apps/IDEA-JDK11/ch-0/191.6707.61/jre64!/java.security.sasl" type="simple" />
            <root url="jrt://D:/JetBrains/apps/IDEA-JDK11/ch-0/191.6707.61/jre64!/java.smartcardio" type="simple" />
            <root url="jrt://D:/JetBrains/apps/IDEA-JDK11/ch-0/191.6707.61/jre64!/java.sql" type="simple" />
            <root url="jrt://D:/JetBrains/apps/IDEA-JDK11/ch-0/191.6707.61/jre64!/java.sql.rowset" type="simple" />
            <root url="jrt://D:/JetBrains/apps/IDEA-JDK11/ch-0/191.6707.61/jre64!/java.transaction.xa" type="simple" />
            <root url="jrt://D:/JetBrains/apps/IDEA-JDK11/ch-0/191.6707.61/jre64!/java.xml" type="simple" />
            <root url="jrt://D:/JetBrains/apps/IDEA-JDK11/ch-0/191.6707.61/jre64!/java.xml.crypto" type="simple" />
            <root url="jrt://D:/JetBrains/apps/IDEA-JDK11/ch-0/191.6707.61/jre64!/javafx.base" type="simple" />
            <root url="jrt://D:/JetBrains/apps/IDEA-JDK11/ch-0/191.6707.61/jre64!/javafx.controls" type="simple" />
            <root url="jrt://D:/JetBrains/apps/IDEA-JDK11/ch-0/191.6707.61/jre64!/javafx.fxml" type="simple" />
            <root url="jrt://D:/JetBrains/apps/IDEA-JDK11/ch-0/191.6707.61/jre64!/javafx.graphics" type="simple" />
            <root url="jrt://D:/JetBrains/apps/IDEA-JDK11/ch-0/191.6707.61/jre64!/javafx.media" type="simple" />
            <root url="jrt://D:/JetBrains/apps/IDEA-JDK11/ch-0/191.6707.61/jre64!/javafx.swing" type="simple" />
            <root url="jrt://D:/JetBrains/apps/IDEA-JDK11/ch-0/191.6707.61/jre64!/javafx.web" type="simple" />
            <root url="jrt://D:/JetBrains/apps/IDEA-JDK11/ch-0/191.6707.61/jre64!/jdk.accessibility" type="simple" />
            <root url="jrt://D:/JetBrains/apps/IDEA-JDK11/ch-0/191.6707.61/jre64!/jdk.aot" type="simple" />
            <root url="jrt://D:/JetBrains/apps/IDEA-JDK11/ch-0/191.6707.61/jre64!/jdk.attach" type="simple" />
            <root url="jrt://D:/JetBrains/apps/IDEA-JDK11/ch-0/191.6707.61/jre64!/jdk.charsets" type="simple" />
            <root url="jrt://D:/JetBrains/apps/IDEA-JDK11/ch-0/191.6707.61/jre64!/jdk.compiler" type="simple" />
            <root url="jrt://D:/JetBrains/apps/IDEA-JDK11/ch-0/191.6707.61/jre64!/jdk.crypto.cryptoki" type="simple" />
            <root url="jrt://D:/JetBrains/apps/IDEA-JDK11/ch-0/191.6707.61/jre64!/jdk.crypto.ec" type="simple" />
            <root url="jrt://D:/JetBrains/apps/IDEA-JDK11/ch-0/191.6707.61/jre64!/jdk.dynalink" type="simple" />
            <root url="jrt://D:/JetBrains/apps/IDEA-JDK11/ch-0/191.6707.61/jre64!/jdk.httpserver" type="simple" />
            <root url="jrt://D:/JetBrains/apps/IDEA-JDK11/ch-0/191.6707.61/jre64!/jdk.internal.ed" type="simple" />
            <root url="jrt://D:/JetBrains/apps/IDEA-JDK11/ch-0/191.6707.61/jre64!/jdk.internal.jvmstat" type="simple" />
            <root url="jrt://D:/JetBrains/apps/IDEA-JDK11/ch-0/191.6707.61/jre64!/jdk.internal.le" type="simple" />
            <root url="jrt://D:/JetBrains/apps/IDEA-JDK11/ch-0/191.6707.61/jre64!/jdk.internal.vm.ci" type="simple" />
            <root url="jrt://D:/JetBrains/apps/IDEA-JDK11/ch-0/191.6707.61/jre64!/jdk.internal.vm.compiler" type="simple" />
            <root url="jrt://D:/JetBrains/apps/IDEA-JDK11/ch-0/191.6707.61/jre64!/jdk.internal.vm.compiler.management" type="simple" />
            <root url="jrt://D:/JetBrains/apps/IDEA-JDK11/ch-0/191.6707.61/jre64!/jdk.jdi" type="simple" />
            <root url="jrt://D:/JetBrains/apps/IDEA-JDK11/ch-0/191.6707.61/jre64!/jdk.jdwp.agent" type="simple" />
            <root url="jrt://D:/JetBrains/apps/IDEA-JDK11/ch-0/191.6707.61/jre64!/jdk.jfr" type="simple" />
            <root url="jrt://D:/JetBrains/apps/IDEA-JDK11/ch-0/191.6707.61/jre64!/jdk.jsobject" type="simple" />
            <root url="jrt://D:/JetBrains/apps/IDEA-JDK11/ch-0/191.6707.61/jre64!/jdk.localedata" type="simple" />
            <root url="jrt://D:/JetBrains/apps/IDEA-JDK11/ch-0/191.6707.61/jre64!/jdk.management" type="simple" />
            <root url="jrt://D:/JetBrains/apps/IDEA-JDK11/ch-0/191.6707.61/jre64!/jdk.management.agent" type="simple" />
            <root url="jrt://D:/JetBrains/apps/IDEA-JDK11/ch-0/191.6707.61/jre64!/jdk.management.jfr" type="simple" />
            <root url="jrt://D:/JetBrains/apps/IDEA-JDK11/ch-0/191.6707.61/jre64!/jdk.naming.dns" type="simple" />
            <root url="jrt://D:/JetBrains/apps/IDEA-JDK11/ch-0/191.6707.61/jre64!/jdk.naming.rmi" type="simple" />
            <root url="jrt://D:/JetBrains/apps/IDEA-JDK11/ch-0/191.6707.61/jre64!/jdk.net" type="simple" />
            <root url="jrt://D:/JetBrains/apps/IDEA-JDK11/ch-0/191.6707.61/jre64!/jdk.pack" type="simple" />
            <root url="jrt://D:/JetBrains/apps/IDEA-JDK11/ch-0/191.6707.61/jre64!/jdk.scripting.nashorn" type="simple" />
            <root url="jrt://D:/JetBrains/apps/IDEA-JDK11/ch-0/191.6707.61/jre64!/jdk.scripting.nashorn.shell" type="simple" />
            <root url="jrt://D:/JetBrains/apps/IDEA-JDK11/ch-0/191.6707.61/jre64!/jdk.sctp" type="simple" />
            <root url="jrt://D:/JetBrains/apps/IDEA-JDK11/ch-0/191.6707.61/jre64!/jdk.security.auth" type="simple" />
            <root url="jrt://D:/JetBrains/apps/IDEA-JDK11/ch-0/191.6707.61/jre64!/jdk.security.jgss" type="simple" />
            <root url="jrt://D:/JetBrains/apps/IDEA-JDK11/ch-0/191.6707.61/jre64!/jdk.unsupported" type="simple" />
            <root url="jrt://D:/JetBrains/apps/IDEA-JDK11/ch-0/191.6707.61/jre64!/jdk.xml.dom" type="simple" />
            <root url="jrt://D:/JetBrains/apps/IDEA-JDK11/ch-0/191.6707.61/jre64!/jdk.zipfs" type="simple" />
          </root>
        </classPath>
        <sourcePath>
          <root type="composite" />
        </sourcePath>
      </roots>
      <additional />
    </jdk>
    <jdk version="2">
      <name value="Kahlua" />
      <type value="Lua SDK" />
      <version value="Kahlua" />
      <homePath value="" />
      <roots>
        <classPath>
          <root type="composite">
            <root url="file://$APPLICATION_PLUGINS_DIR$/Lua/stdlibrary" type="simple" />
          </root>
        </classPath>
        <sourcePath>
          <root type="composite">
            <root url="file://$APPLICATION_PLUGINS_DIR$/Lua/stdlibrary" type="simple" />
          </root>
        </sourcePath>
      </roots>
      <additional />
    </jdk>
    <jdk version="2">
      <name value="LuaJ" />
      <type value="Lua SDK" />
      <version value="LuaJ" />
      <homePath value="" />
      <roots>
        <classPath>
          <root type="composite">
            <root url="file://$APPLICATION_PLUGINS_DIR$/Lua/stdlibrary" type="simple" />
          </root>
        </classPath>
        <sourcePath>
          <root type="composite">
            <root url="file://$APPLICATION_PLUGINS_DIR$/Lua/stdlibrary" type="simple" />
          </root>
        </sourcePath>
      </roots>
      <additional />
    </jdk>
  </component>
</application>